,drift_type,strength,length,window,step,seed,tp_regular,fn_regular,fp_regular,delay_regular,tp_irregular,fn_irregular,fp_irregular,delay_irregular
0,1,0.25,"(0.1, 0.4)",168,24,0,0,1,0,,1,0,2,3594.0
1,1,0.25,"(0.1, 0.4)",168,24,1,0,1,0,,1,0,2,6248.0
2,1,0.25,"(0.1, 0.4)",168,24,2,0,1,0,,1,0,2,5320.0
3,1,0.25,"(0.1, 0.4)",168,24,3,0,1,0,,1,0,2,3497.0
4,1,0.25,"(0.1, 0.4)",168,24,4,0,1,0,,1,0,2,5457.0
5,1,0.25,"(0.1, 0.4)",720,24,0,0,1,5,,1,0,1,2466.0
6,1,0.25,"(0.1, 0.4)",720,24,1,0,1,2,,1,0,1,8912.0
7,1,0.25,"(0.1, 0.4)",720,24,2,0,1,2,,1,0,1,7984.0
8,1,0.25,"(0.1, 0.4)",720,24,3,0,1,5,,1,0,1,2369.0
9,1,0.25,"(0.1, 0.4)",720,24,4,0,1,15,,0,1,33,
10,1,0.25,"(0.1, 0.4)",720,168,0,0,1,0,,1,0,0,2658.0
11,1,0.25,"(0.1, 0.4)",720,168,1,0,1,0,,1,0,0,9104.0
12,1,0.25,"(0.1, 0.4)",720,168,2,0,1,0,,1,0,0,8176.0
13,1,0.25,"(0.1, 0.4)",720,168,3,0,1,0,,1,0,0,2561.0
14,1,0.25,"(0.1, 0.4)",720,168,4,0,1,1,,0,1,4,
15,1,0.25,"(0.1, 0.4)",2160,24,0,1,0,0,19309.0,0,1,0,
16,1,0.25,"(0.1, 0.4)",2160,24,1,1,0,0,23815.0,0,1,0,
17,1,0.25,"(0.1, 0.4)",2160,24,2,1,0,0,23166.0,0,1,0,
18,1,0.25,"(0.1, 0.4)",2160,24,3,1,0,0,19241.0,0,1,0,
19,1,0.25,"(0.1, 0.4)",2160,24,4,1,0,12,5008.0,0,1,47,
20,1,0.25,"(0.1, 0.4)",2160,168,0,0,1,0,,0,1,0,
21,1,0.25,"(0.1, 0.4)",2160,168,1,0,1,0,,0,1,0,
22,1,0.25,"(0.1, 0.4)",2160,168,2,0,1,0,,0,1,0,
23,1,0.25,"(0.1, 0.4)",2160,168,3,0,1,0,,0,1,0,
24,1,0.25,"(0.1, 0.4)",2160,168,4,0,1,1,,0,1,7,
25,1,0.25,"(0.1, 0.4)",2160,720,0,0,1,0,,0,1,0,
26,1,0.25,"(0.1, 0.4)",2160,720,1,0,1,0,,0,1,0,
27,1,0.25,"(0.1, 0.4)",2160,720,2,0,1,0,,0,1,0,
28,1,0.25,"(0.1, 0.4)",2160,720,3,0,1,0,,0,1,0,
29,1,0.25,"(0.1, 0.4)",2160,720,4,0,1,0,,0,1,1,
30,1,0.5,"(0.1, 0.4)",168,24,0,1,0,0,37.0,1,0,3,3354.0
31,1,0.5,"(0.1, 0.4)",168,24,1,1,0,0,31.0,1,0,3,6128.0
32,1,0.5,"(0.1, 0.4)",168,24,2,1,0,0,30.0,1,0,3,5200.0
33,1,0.5,"(0.1, 0.4)",168,24,3,1,0,0,17.0,1,0,3,3257.0
34,1,0.5,"(0.1, 0.4)",168,24,4,1,0,0,16.0,1,0,3,1281.0
35,1,0.5,"(0.1, 0.4)",720,24,0,1,0,5,12733.0,1,0,19,18.0
36,1,0.5,"(0.1, 0.4)",720,24,1,1,0,2,17239.0,1,0,6,1352.0
37,1,0.5,"(0.1, 0.4)",720,24,2,1,0,2,16590.0,1,0,1,424.0
38,1,0.5,"(0.1, 0.4)",720,24,3,1,0,5,12665.0,1,0,17,41.0
39,1,0.5,"(0.1, 0.4)",720,24,4,0,1,14,,1,0,34,57.0
40,1,0.5,"(0.1, 0.4)",720,168,0,0,1,0,,1,0,3,306.0
41,1,0.5,"(0.1, 0.4)",720,168,1,0,1,0,,1,0,1,1880.0
42,1,0.5,"(0.1, 0.4)",720,168,2,0,1,0,,1,0,0,952.0
43,1,0.5,"(0.1, 0.4)",720,168,3,0,1,0,,1,0,2,209.0
44,1,0.5,"(0.1, 0.4)",720,168,4,0,1,1,,1,0,4,345.0
45,1,0.5,"(0.1, 0.4)",2160,24,0,1,0,53,37.0,1,0,48,42.0
46,1,0.5,"(0.1, 0.4)",2160,24,1,1,0,49,31.0,1,0,0,2168.0
47,1,0.5,"(0.1, 0.4)",2160,24,2,1,0,47,6.0,1,0,0,1240.0
48,1,0.5,"(0.1, 0.4)",2160,24,3,1,0,52,17.0,1,0,48,41.0
49,1,0.5,"(0.1, 0.4)",2160,24,4,1,0,13,16.0,1,0,84,9.0
50,1,0.5,"(0.1, 0.4)",2160,168,0,1,0,7,109.0,1,0,7,306.0
51,1,0.5,"(0.1, 0.4)",2160,168,1,1,0,7,247.0,1,0,0,2384.0
52,1,0.5,"(0.1, 0.4)",2160,168,2,1,0,7,270.0,1,0,0,1456.0
53,1,0.5,"(0.1, 0.4)",2160,168,3,1,0,7,41.0,1,0,6,41.0
54,1,0.5,"(0.1, 0.4)",2160,168,4,1,0,1,256.0,1,0,12,9.0
55,1,0.5,"(0.1, 0.4)",2160,720,0,1,0,1,205.0,1,0,1,354.0
56,1,0.5,"(0.1, 0.4)",2160,720,1,1,0,1,391.0,1,0,0,3200.0
57,1,0.5,"(0.1, 0.4)",2160,720,2,1,0,1,462.0,1,0,0,2272.0
58,1,0.5,"(0.1, 0.4)",2160,720,3,1,0,1,137.0,1,0,1,257.0
59,1,0.5,"(0.1, 0.4)",2160,720,4,1,0,0,1024.0,1,0,2,777.0
60,1,0.75,"(0.1, 0.4)",168,24,0,1,0,1,229.0,1,0,4,330.0
61,1,0.75,"(0.1, 0.4)",168,24,1,1,0,1,223.0,1,0,3,368.0
62,1,0.75,"(0.1, 0.4)",168,24,2,1,0,1,222.0,1,0,3,1528.0
63,1,0.75,"(0.1, 0.4)",168,24,3,1,0,1,233.0,1,0,3,233.0
64,1,0.75,"(0.1, 0.4)",168,24,4,1,0,1,232.0,1,0,3,321.0
65,1,0.75,"(0.1, 0.4)",720,24,0,1,0,22,37.0,1,0,23,18.0
66,1,0.75,"(0.1, 0.4)",720,24,1,1,0,18,31.0,1,0,21,32.0
67,1,0.75,"(0.1, 0.4)",720,24,2,1,0,19,6.0,1,0,20,40.0
68,1,0.75,"(0.1, 0.4)",720,24,3,1,0,22,41.0,1,0,23,41.0
69,1,0.75,"(0.1, 0.4)",720,24,4,1,0,21,40.0,1,0,54,33.0
70,1,0.75,"(0.1, 0.4)",720,168,0,1,0,2,109.0,1,0,3,138.0
71,1,0.75,"(0.1, 0.4)",720,168,1,1,0,2,79.0,1,0,2,32.0
72,1,0.75,"(0.1, 0.4)",720,168,2,1,0,2,102.0,1,0,3,280.0
73,1,0.75,"(0.1, 0.4)",720,168,3,1,0,2,41.0,1,0,3,209.0
74,1,0.75,"(0.1, 0.4)",720,168,4,1,0,1,88.0,1,0,7,177.0
75,1,0.75,"(0.1, 0.4)",2160,24,0,1,0,62,37.0,1,0,62,42.0
76,1,0.75,"(0.1, 0.4)",2160,24,1,1,0,61,31.0,1,0,57,32.0
77,1,0.75,"(0.1, 0.4)",2160,24,2,1,0,61,30.0,1,0,55,16.0
78,1,0.75,"(0.1, 0.4)",2160,24,3,1,0,62,17.0,1,0,62,41.0
79,1,0.75,"(0.1, 0.4)",2160,24,4,1,0,71,40.0,1,0,110,9.0
80,1,0.75,"(0.1, 0.4)",2160,168,0,1,0,9,277.0,1,0,9,306.0
81,1,0.75,"(0.1, 0.4)",2160,168,1,1,0,8,79.0,1,0,8,200.0
82,1,0.75,"(0.1, 0.4)",2160,168,2,1,0,9,270.0,1,0,8,280.0
83,1,0.75,"(0.1, 0.4)",2160,168,3,1,0,9,209.0,1,0,8,41.0
84,1,0.75,"(0.1, 0.4)",2160,168,4,1,0,9,88.0,1,0,16,177.0
85,1,0.75,"(0.1, 0.4)",2160,720,0,1,0,2,925.0,1,0,2,1074.0
86,1,0.75,"(0.1, 0.4)",2160,720,1,1,0,2,1111.0,1,0,2,1040.0
87,1,0.75,"(0.1, 0.4)",2160,720,2,1,0,2,1182.0,1,0,1,112.0
88,1,0.75,"(0.1, 0.4)",2160,720,3,1,0,2,857.0,1,0,2,977.0
89,1,0.75,"(0.1, 0.4)",2160,720,4,1,0,2,1024.0,1,0,3,777.0
90,1,1.0,"(0.1, 0.4)",168,24,0,1,0,1,229.0,1,0,4,162.0
91,1,1.0,"(0.1, 0.4)",168,24,1,1,0,1,223.0,1,0,4,320.0
92,1,1.0,"(0.1, 0.4)",168,24,2,1,0,1,198.0,1,0,3,160.0
93,1,1.0,"(0.1, 0.4)",168,24,3,1,0,1,209.0,1,0,4,185.0
94,1,1.0,"(0.1, 0.4)",168,24,4,1,0,1,184.0,1,0,4,225.0
95,1,1.0,"(0.1, 0.4)",720,24,0,1,0,24,13.0,1,0,25,18.0
96,1,1.0,"(0.1, 0.4)",720,24,1,1,0,20,7.0,1,0,23,32.0
97,1,1.0,"(0.1, 0.4)",720,24,2,1,0,22,30.0,1,0,22,16.0
98,1,1.0,"(0.1, 0.4)",720,24,3,1,0,24,17.0,1,0,25,41.0
99,1,1.0,"(0.1, 0.4)",720,24,4,1,0,32,40.0,1,0,57,33.0
100,1,1.0,"(0.1, 0.4)",720,168,0,1,0,3,277.0,1,0,3,138.0
101,1,1.0,"(0.1, 0.4)",720,168,1,1,0,2,79.0,1,0,3,200.0
102,1,1.0,"(0.1, 0.4)",720,168,2,1,0,3,270.0,1,0,3,280.0
103,1,1.0,"(0.1, 0.4)",720,168,3,1,0,2,41.0,1,0,3,41.0
104,1,1.0,"(0.1, 0.4)",720,168,4,1,0,3,88.0,1,0,7,177.0
105,1,1.0,"(0.1, 0.4)",2160,24,0,1,0,67,13.0,1,0,69,42.0
106,1,1.0,"(0.1, 0.4)",2160,24,1,1,0,67,31.0,1,0,66,32.0
107,1,1.0,"(0.1, 0.4)",2160,24,2,1,0,67,6.0,1,0,65,16.0
108,1,1.0,"(0.1, 0.4)",2160,24,3,1,0,68,41.0,1,0,69,41.0
109,1,1.0,"(0.1, 0.4)",2160,24,4,1,0,77,40.0,1,0,123,33.0
110,1,1.0,"(0.1, 0.4)",2160,168,0,1,0,9,109.0,1,0,10,306.0
111,1,1.0,"(0.1, 0.4)",2160,168,1,1,0,9,79.0,1,0,9,32.0
112,1,1.0,"(0.1, 0.4)",2160,168,2,1,0,9,102.0,1,0,9,112.0
113,1,1.0,"(0.1, 0.4)",2160,168,3,1,0,9,41.0,1,0,9,41.0
114,1,1.0,"(0.1, 0.4)",2160,168,4,1,0,10,88.0,1,0,17,9.0
115,1,1.0,"(0.1, 0.4)",2160,720,0,1,0,2,925.0,1,0,2,354.0
116,1,1.0,"(0.1, 0.4)",2160,720,1,1,0,2,391.0,1,0,2,1040.0
117,1,1.0,"(0.1, 0.4)",2160,720,2,1,0,2,462.0,1,0,2,832.0
118,1,1.0,"(0.1, 0.4)",2160,720,3,1,0,2,857.0,1,0,2,977.0
119,1,1.0,"(0.1, 0.4)",2160,720,4,1,0,2,1024.0,1,0,4,777.0
120,2,0.25,"(0.1, 0.4)",168,24,0,0,1,0,,1,0,3,3642.0
121,2,0.25,"(0.1, 0.4)",168,24,1,0,1,0,,1,0,3,10064.0
122,2,0.25,"(0.1, 0.4)",168,24,2,0,1,0,,1,0,3,5320.0
123,2,0.25,"(0.1, 0.4)",168,24,3,0,1,0,,1,0,3,3545.0
124,2,0.25,"(0.1, 0.4)",168,24,4,0,1,0,,1,0,3,5481.0
125,2,0.25,"(0.1, 0.4)",720,24,0,1,0,7,85.0,1,0,3,426.0
126,2,0.25,"(0.1, 0.4)",720,24,1,1,0,6,17263.0,1,0,2,9056.0
127,2,0.25,"(0.1, 0.4)",720,24,2,1,0,6,16614.0,1,0,2,7960.0
128,2,0.25,"(0.1, 0.4)",720,24,3,1,0,7,12689.0,1,0,3,329.0
129,2,0.25,"(0.1, 0.4)",720,24,4,0,1,23,,0,1,44,
130,2,0.25,"(0.1, 0.4)",720,168,0,0,1,0,,1,0,0,6522.0
131,2,0.25,"(0.1, 0.4)",720,168,1,0,1,0,,1,0,0,9272.0
132,2,0.25,"(0.1, 0.4)",720,168,2,0,1,0,,1,0,0,8176.0
133,2,0.25,"(0.1, 0.4)",720,168,3,0,1,0,,1,0,0,6425.0
134,2,0.25,"(0.1, 0.4)",720,168,4,0,1,1,,0,1,5,
135,2,0.25,"(0.1, 0.4)",2160,24,0,1,0,5,19453.0,1,0,0,3354.0
136,2,0.25,"(0.1, 0.4)",2160,24,1,1,0,0,23959.0,0,1,0,
137,2,0.25,"(0.1, 0.4)",2160,24,2,1,0,0,23310.0,0,1,0,
138,2,0.25,"(0.1, 0.4)",2160,24,3,1,0,5,19385.0,1,0,0,3257.0
139,2,0.25,"(0.1, 0.4)",2160,24,4,0,1,10,,0,1,44,
140,2,0.25,"(0.1, 0.4)",2160,168,0,0,1,1,,1,0,0,3498.0
141,2,0.25,"(0.1, 0.4)",2160,168,1,0,1,0,,0,1,0,
142,2,0.25,"(0.1, 0.4)",2160,168,2,0,1,0,,0,1,0,
143,2,0.25,"(0.1, 0.4)",2160,168,3,0,1,1,,1,0,0,3401.0
144,2,0.25,"(0.1, 0.4)",2160,168,4,0,1,1,,0,1,5,
145,2,0.25,"(0.1, 0.4)",2160,720,0,0,1,0,,0,1,0,
146,2,0.25,"(0.1, 0.4)",2160,720,1,0,1,0,,0,1,0,
147,2,0.25,"(0.1, 0.4)",2160,720,2,0,1,0,,0,1,0,
148,2,0.25,"(0.1, 0.4)",2160,720,3,0,1,0,,0,1,0,
149,2,0.25,"(0.1, 0.4)",2160,720,4,0,1,0,,0,1,2,
150,2,0.5,"(0.1, 0.4)",168,24,0,1,0,0,13549.0,1,0,3,3642.0
151,2,0.5,"(0.1, 0.4)",168,24,1,1,0,0,10375.0,1,0,3,10064.0
152,2,0.5,"(0.1, 0.4)",168,24,2,1,0,0,4494.0,1,0,3,5296.0
153,2,0.5,"(0.1, 0.4)",168,24,3,1,0,0,13481.0,1,0,3,3545.0
154,2,0.5,"(0.1, 0.4)",168,24,4,1,0,0,11296.0,1,0,3,5457.0
155,2,0.5,"(0.1, 0.4)",720,24,0,1,0,6,21709.0,1,0,3,666.0
156,2,0.5,"(0.1, 0.4)",720,24,1,1,0,4,17239.0,1,0,2,8912.0
157,2,0.5,"(0.1, 0.4)",720,24,2,1,0,6,16590.0,1,0,2,4264.0
158,2,0.5,"(0.1, 0.4)",720,24,3,1,0,6,21641.0,1,0,3,569.0
159,2,0.5,"(0.1, 0.4)",720,24,4,0,1,23,,1,0,44,9465.0
160,2,0.5,"(0.1, 0.4)",720,168,0,0,1,0,,1,0,0,6522.0
161,2,0.5,"(0.1, 0.4)",720,168,1,0,1,0,,1,0,0,9104.0
162,2,0.5,"(0.1, 0.4)",720,168,2,0,1,0,,1,0,0,4480.0
163,2,0.5,"(0.1, 0.4)",720,168,3,0,1,0,,1,0,0,6425.0
164,2,0.5,"(0.1, 0.4)",720,168,4,0,1,1,,1,0,5,11769.0
165,2,0.5,"(0.1, 0.4)",2160,24,0,1,0,0,14485.0,1,0,0,3978.0
166,2,0.5,"(0.1, 0.4)",2160,24,1,1,0,0,13615.0,1,0,0,19424.0
167,2,0.5,"(0.1, 0.4)",2160,24,2,1,0,0,1518.0,1,0,0,4240.0
168,2,0.5,"(0.1, 0.4)",2160,24,3,1,0,2,14417.0,1,0,0,20105.0
169,2,0.5,"(0.1, 0.4)",2160,24,4,1,0,10,5152.0,1,0,44,18993.0
170,2,0.5,"(0.1, 0.4)",2160,168,0,1,0,0,14725.0,1,0,0,20466.0
171,2,0.5,"(0.1, 0.4)",2160,168,1,1,0,0,14023.0,1,0,0,21200.0
172,2,0.5,"(0.1, 0.4)",2160,168,2,1,0,0,1782.0,1,0,0,4984.0
173,2,0.5,"(0.1, 0.4)",2160,168,3,1,0,0,14657.0,1,0,0,20369.0
174,2,0.5,"(0.1, 0.4)",2160,168,4,1,0,1,8824.0,1,0,5,19497.0
175,2,0.5,"(0.1, 0.4)",2160,720,0,1,0,0,15325.0,1,0,0,21234.0
176,2,0.5,"(0.1, 0.4)",2160,720,1,1,0,0,14791.0,1,0,0,21920.0
177,2,0.5,"(0.1, 0.4)",2160,720,2,1,0,0,2622.0,1,0,0,5872.0
178,2,0.5,"(0.1, 0.4)",2160,720,3,1,0,0,15257.0,1,0,0,20417.0
179,2,0.5,"(0.1, 0.4)",2160,720,4,1,0,0,9664.0,0,1,2,
180,2,0.75,"(0.1, 0.4)",168,24,0,1,0,0,10189.0,1,0,3,3642.0
181,2,0.75,"(0.1, 0.4)",168,24,1,1,0,0,8431.0,1,0,3,10040.0
182,2,0.75,"(0.1, 0.4)",168,24,2,1,0,0,3558.0,1,0,3,5224.0
183,2,0.75,"(0.1, 0.4)",168,24,3,1,0,0,9569.0,1,0,3,3545.0
184,2,0.75,"(0.1, 0.4)",168,24,4,1,0,0,7264.0,1,0,3,5457.0
185,2,0.75,"(0.1, 0.4)",720,24,0,1,0,6,12637.0,1,0,3,690.0
186,2,0.75,"(0.1, 0.4)",720,24,1,1,0,3,14935.0,1,0,2,8840.0
187,2,0.75,"(0.1, 0.4)",720,24,2,1,0,4,3630.0,1,0,2,3688.0
188,2,0.75,"(0.1, 0.4)",720,24,3,1,0,6,12545.0,1,0,3,569.0
189,2,0.75,"(0.1, 0.4)",720,24,4,1,0,23,10168.0,1,0,44,8937.0
190,2,0.75,"(0.1, 0.4)",720,168,0,1,0,0,12877.0,1,0,0,2994.0
191,2,0.75,"(0.1, 0.4)",720,168,1,1,0,0,15199.0,1,0,0,9104.0
192,2,0.75,"(0.1, 0.4)",720,168,2,1,0,0,3798.0,1,0,0,4144.0
193,2,0.75,"(0.1, 0.4)",720,168,3,1,0,0,12809.0,1,0,0,6425.0
194,2,0.75,"(0.1, 0.4)",720,168,4,1,0,1,10336.0,1,0,5,9081.0
195,2,0.75,"(0.1, 0.4)",2160,24,0,1,0,0,7909.0,1,0,0,11250.0
196,2,0.75,"(0.1, 0.4)",2160,24,1,1,0,0,8359.0,1,0,0,9968.0
197,2,0.75,"(0.1, 0.4)",2160,24,2,1,0,0,486.0,1,0,0,2176.0
198,2,0.75,"(0.1, 0.4)",2160,24,3,1,0,0,8249.0,1,0,0,11777.0
199,2,0.75,"(0.1, 0.4)",2160,24,4,1,0,10,4360.0,1,0,43,7593.0
200,2,0.75,"(0.1, 0.4)",2160,168,0,1,0,0,8173.0,1,0,0,11394.0
201,2,0.75,"(0.1, 0.4)",2160,168,1,1,0,0,8983.0,1,0,0,10112.0
202,2,0.75,"(0.1, 0.4)",2160,168,2,1,0,0,774.0,1,0,0,2464.0
203,2,0.75,"(0.1, 0.4)",2160,168,3,1,0,0,8441.0,1,0,0,11969.0
204,2,0.75,"(0.1, 0.4)",2160,168,4,1,0,1,4624.0,1,0,5,7737.0
205,2,0.75,"(0.1, 0.4)",2160,720,0,1,0,0,8845.0,1,0,0,12594.0
206,2,0.75,"(0.1, 0.4)",2160,720,1,1,0,0,9751.0,1,0,0,12560.0
207,2,0.75,"(0.1, 0.4)",2160,720,2,1,0,0,1182.0,1,0,0,2992.0
208,2,0.75,"(0.1, 0.4)",2160,720,3,1,0,0,9497.0,1,0,0,12497.0
209,2,0.75,"(0.1, 0.4)",2160,720,4,1,0,0,5344.0,1,0,2,8697.0
210,2,1.0,"(0.1, 0.4)",168,24,0,1,0,0,5845.0,1,0,3,3642.0
211,2,1.0,"(0.1, 0.4)",168,24,1,1,0,0,7615.0,1,0,3,10040.0
212,2,1.0,"(0.1, 0.4)",168,24,2,1,0,0,2646.0,1,0,3,5200.0
213,2,1.0,"(0.1, 0.4)",168,24,3,1,0,0,5801.0,1,0,3,13313.0
214,2,1.0,"(0.1, 0.4)",168,24,4,1,0,0,5344.0,1,0,3,5457.0
215,2,1.0,"(0.1, 0.4)",720,24,0,1,0,6,11605.0,1,0,3,690.0
216,2,1.0,"(0.1, 0.4)",720,24,1,1,0,3,12079.0,1,0,2,7064.0
217,2,1.0,"(0.1, 0.4)",720,24,2,1,0,4,2958.0,1,0,2,2464.0
218,2,1.0,"(0.1, 0.4)",720,24,3,1,0,6,10721.0,1,0,3,593.0
219,2,1.0,"(0.1, 0.4)",720,24,4,1,0,23,7096.0,1,0,44,3177.0
220,2,1.0,"(0.1, 0.4)",720,168,0,1,0,0,11869.0,1,0,0,2994.0
221,2,1.0,"(0.1, 0.4)",720,168,1,1,0,0,12343.0,1,0,0,7760.0
222,2,1.0,"(0.1, 0.4)",720,168,2,1,0,0,3126.0,1,0,0,2632.0
223,2,1.0,"(0.1, 0.4)",720,168,3,1,0,0,10961.0,1,0,0,6425.0
224,2,1.0,"(0.1, 0.4)",720,168,4,1,0,1,7312.0,1,0,5,6729.0
225,2,1.0,"(0.1, 0.4)",2160,24,0,1,0,0,5653.0,1,0,0,3522.0
226,2,1.0,"(0.1, 0.4)",2160,24,1,1,0,0,5239.0,1,0,0,6584.0
227,2,1.0,"(0.1, 0.4)",2160,24,2,1,0,4,6.0,1,0,0,736.0
228,2,1.0,"(0.1, 0.4)",2160,24,3,1,0,0,5729.0,1,0,0,3425.0
229,2,1.0,"(0.1, 0.4)",2160,24,4,1,0,9,3304.0,1,0,43,5241.0
230,2,1.0,"(0.1, 0.4)",2160,168,0,1,0,0,5821.0,1,0,0,3666.0
231,2,1.0,"(0.1, 0.4)",2160,168,1,1,0,0,5455.0,1,0,0,7424.0
232,2,1.0,"(0.1, 0.4)",2160,168,2,1,0,0,102.0,1,0,0,952.0
233,2,1.0,"(0.1, 0.4)",2160,168,3,1,0,0,5921.0,1,0,0,6761.0
234,2,1.0,"(0.1, 0.4)",2160,168,4,1,0,1,3448.0,1,0,5,5385.0
235,2,1.0,"(0.1, 0.4)",2160,720,0,1,0,0,6685.0,1,0,0,8274.0
236,2,1.0,"(0.1, 0.4)",2160,720,1,1,0,0,6151.0,1,0,0,8240.0
237,2,1.0,"(0.1, 0.4)",2160,720,2,1,0,0,1182.0,1,0,0,1552.0
238,2,1.0,"(0.1, 0.4)",2160,720,3,1,0,0,6617.0,1,0,0,7457.0
239,2,1.0,"(0.1, 0.4)",2160,720,4,1,0,0,4624.0,1,0,2,6537.0
240,3,0.25,"(0.1, 0.4)",168,24,0,0,1,0,,1,0,3,3642.0
241,3,0.25,"(0.1, 0.4)",168,24,1,0,1,0,,1,0,3,10064.0
242,3,0.25,"(0.1, 0.4)",168,24,2,0,1,0,,1,0,3,5320.0
243,3,0.25,"(0.1, 0.4)",168,24,3,0,1,0,,1,0,3,3545.0
244,3,0.25,"(0.1, 0.4)",168,24,4,0,1,0,,1,0,3,5481.0
245,3,0.25,"(0.1, 0.4)",720,24,0,1,0,5,12757.0,1,0,1,690.0
246,3,0.25,"(0.1, 0.4)",720,24,1,0,1,4,,1,0,1,9080.0
247,3,0.25,"(0.1, 0.4)",720,24,2,0,1,4,,1,0,1,7984.0
248,3,0.25,"(0.1, 0.4)",720,24,3,1,0,5,12689.0,1,0,1,593.0
249,3,0.25,"(0.1, 0.4)",720,24,4,0,1,18,,0,1,33,
250,3,0.25,"(0.1, 0.4)",720,168,0,0,1,0,,1,0,0,6522.0
251,3,0.25,"(0.1, 0.4)",720,168,1,0,1,0,,1,0,0,9440.0
252,3,0.25,"(0.1, 0.4)",720,168,2,0,1,0,,1,0,0,8176.0
253,3,0.25,"(0.1, 0.4)",720,168,3,0,1,0,,1,0,0,6425.0
254,3,0.25,"(0.1, 0.4)",720,168,4,0,1,1,,0,1,4,
255,3,0.25,"(0.1, 0.4)",2160,24,0,1,0,7,19309.0,1,0,0,3306.0
256,3,0.25,"(0.1, 0.4)",2160,24,1,1,0,0,23815.0,1,0,0,10424.0
257,3,0.25,"(0.1, 0.4)",2160,24,2,1,0,0,23166.0,0,1,0,
258,3,0.25,"(0.1, 0.4)",2160,24,3,1,0,7,19241.0,1,0,0,3209.0
259,3,0.25,"(0.1, 0.4)",2160,24,4,1,0,15,4792.0,0,1,59,
260,3,0.25,"(0.1, 0.4)",2160,168,0,0,1,1,,1,0,0,3498.0
261,3,0.25,"(0.1, 0.4)",2160,168,1,0,1,0,,0,1,0,
262,3,0.25,"(0.1, 0.4)",2160,168,2,0,1,0,,0,1,0,
263,3,0.25,"(0.1, 0.4)",2160,168,3,0,1,1,,1,0,0,3401.0
264,3,0.25,"(0.1, 0.4)",2160,168,4,1,0,1,4960.0,0,1,8,
265,3,0.25,"(0.1, 0.4)",2160,720,0,0,1,0,,0,1,0,
266,3,0.25,"(0.1, 0.4)",2160,720,1,0,1,0,,0,1,0,
267,3,0.25,"(0.1, 0.4)",2160,720,2,0,1,0,,0,1,0,
268,3,0.25,"(0.1, 0.4)",2160,720,3,0,1,0,,0,1,0,
269,3,0.25,"(0.1, 0.4)",2160,720,4,0,1,0,,0,1,2,
270,3,0.5,"(0.1, 0.4)",168,24,0,1,0,0,13549.0,1,0,3,3618.0
271,3,0.5,"(0.1, 0.4)",168,24,1,1,0,0,10375.0,1,0,3,10040.0
272,3,0.5,"(0.1, 0.4)",168,24,2,1,0,0,4494.0,1,0,3,5248.0
273,3,0.5,"(0.1, 0.4)",168,24,3,1,0,0,13481.0,1,0,3,3521.0
274,3,0.5,"(0.1, 0.4)",168,24,4,1,0,0,10744.0,1,0,3,5457.0
275,3,0.5,"(0.1, 0.4)",720,24,0,0,1,5,,1,0,1,2634.0
276,3,0.5,"(0.1, 0.4)",720,24,1,1,0,3,17239.0,1,0,1,8936.0
277,3,0.5,"(0.1, 0.4)",720,24,2,1,0,3,16590.0,1,0,1,4240.0
278,3,0.5,"(0.1, 0.4)",720,24,3,0,1,5,,1,0,1,6233.0
279,3,0.5,"(0.1, 0.4)",720,24,4,0,1,17,,1,0,33,9537.0
280,3,0.5,"(0.1, 0.4)",720,168,0,0,1,0,,1,0,0,6522.0
281,3,0.5,"(0.1, 0.4)",720,168,1,0,1,0,,1,0,0,9104.0
282,3,0.5,"(0.1, 0.4)",720,168,2,0,1,0,,1,0,0,4480.0
283,3,0.5,"(0.1, 0.4)",720,168,3,0,1,0,,1,0,0,6425.0
284,3,0.5,"(0.1, 0.4)",720,168,4,0,1,1,,1,0,4,11937.0
285,3,0.5,"(0.1, 0.4)",2160,24,0,1,0,5,10549.0,1,0,0,4002.0
286,3,0.5,"(0.1, 0.4)",2160,24,1,1,0,0,13255.0,1,0,0,18848.0
287,3,0.5,"(0.1, 0.4)",2160,24,2,1,0,0,1446.0,1,0,0,4240.0
288,3,0.5,"(0.1, 0.4)",2160,24,3,1,0,5,10481.0,1,0,0,3905.0
289,3,0.5,"(0.1, 0.4)",2160,24,4,1,0,15,4696.0,1,0,58,16185.0
290,3,0.5,"(0.1, 0.4)",2160,168,0,1,0,1,14557.0,1,0,0,19626.0
291,3,0.5,"(0.1, 0.4)",2160,168,1,1,0,0,13519.0,1,0,0,19520.0
292,3,0.5,"(0.1, 0.4)",2160,168,2,1,0,0,1614.0,1,0,0,4816.0
293,3,0.5,"(0.1, 0.4)",2160,168,3,1,0,1,14489.0,1,0,0,19361.0
294,3,0.5,"(0.1, 0.4)",2160,168,4,1,0,1,4960.0,1,0,8,16473.0
295,3,0.5,"(0.1, 0.4)",2160,720,0,1,0,0,15325.0,1,0,0,20514.0
296,3,0.5,"(0.1, 0.4)",2160,720,1,1,0,0,14071.0,1,0,0,21920.0
297,3,0.5,"(0.1, 0.4)",2160,720,2,1,0,0,2622.0,1,0,0,5872.0
298,3,0.5,"(0.1, 0.4)",2160,720,3,1,0,0,15257.0,1,0,0,20417.0
299,3,0.5,"(0.1, 0.4)",2160,720,4,1,0,0,9664.0,1,0,2,19497.0
300,3,0.75,"(0.1, 0.4)",168,24,0,1,0,0,9325.0,1,0,3,3618.0
301,3,0.75,"(0.1, 0.4)",168,24,1,1,0,0,8863.0,1,0,3,6248.0
302,3,0.75,"(0.1, 0.4)",168,24,2,1,0,0,3270.0,1,0,3,5200.0
303,3,0.75,"(0.1, 0.4)",168,24,3,1,0,0,9257.0,1,0,3,3521.0
304,3,0.75,"(0.1, 0.4)",168,24,4,1,0,0,6352.0,1,0,3,5457.0
305,3,0.75,"(0.1, 0.4)",720,24,0,1,0,5,12613.0,1,0,1,2634.0
306,3,0.75,"(0.1, 0.4)",720,24,1,1,0,2,14959.0,1,0,1,8840.0
307,3,0.75,"(0.1, 0.4)",720,24,2,1,0,3,3630.0,1,0,1,3616.0
308,3,0.75,"(0.1, 0.4)",720,24,3,1,0,5,12545.0,1,0,1,2537.0
309,3,0.75,"(0.1, 0.4)",720,24,4,1,0,17,7408.0,1,0,33,9009.0
310,3,0.75,"(0.1, 0.4)",720,168,0,1,0,0,12877.0,1,0,0,2994.0
311,3,0.75,"(0.1, 0.4)",720,168,1,1,0,0,15199.0,1,0,0,9104.0
312,3,0.75,"(0.1, 0.4)",720,168,2,1,0,0,3798.0,1,0,0,4144.0
313,3,0.75,"(0.1, 0.4)",720,168,3,1,0,0,12809.0,1,0,0,2897.0
314,3,0.75,"(0.1, 0.4)",720,168,4,1,0,1,10336.0,1,0,4,9249.0
315,3,0.75,"(0.1, 0.4)",2160,24,0,1,0,1,7117.0,1,0,0,11634.0
316,3,0.75,"(0.1, 0.4)",2160,24,1,1,0,0,7759.0,1,0,0,11816.0
317,3,0.75,"(0.1, 0.4)",2160,24,2,1,0,0,318.0,1,0,0,2080.0
318,3,0.75,"(0.1, 0.4)",2160,24,3,1,0,2,7049.0,1,0,0,11537.0
319,3,0.75,"(0.1, 0.4)",2160,24,4,1,0,15,4024.0,1,0,57,7977.0
320,3,0.75,"(0.1, 0.4)",2160,168,0,1,0,0,7333.0,1,0,0,11898.0
321,3,0.75,"(0.1, 0.4)",2160,168,1,1,0,0,7975.0,1,0,0,11960.0
322,3,0.75,"(0.1, 0.4)",2160,168,2,1,0,0,606.0,1,0,0,2296.0
323,3,0.75,"(0.1, 0.4)",2160,168,3,1,0,0,7265.0,1,0,0,11801.0
324,3,0.75,"(0.1, 0.4)",2160,168,4,1,0,1,4288.0,1,0,8,8241.0
325,3,0.75,"(0.1, 0.4)",2160,720,0,1,0,0,8125.0,1,0,0,12594.0
326,3,0.75,"(0.1, 0.4)",2160,720,1,1,0,0,9031.0,1,0,0,12560.0
327,3,0.75,"(0.1, 0.4)",2160,720,2,1,0,0,1182.0,1,0,0,2992.0
328,3,0.75,"(0.1, 0.4)",2160,720,3,1,0,0,8057.0,1,0,0,12497.0
329,3,0.75,"(0.1, 0.4)",2160,720,4,1,0,0,5344.0,1,0,2,8697.0
330,3,1.0,"(0.1, 0.4)",168,24,0,1,0,0,5845.0,1,0,3,3618.0
331,3,1.0,"(0.1, 0.4)",168,24,1,1,0,0,6991.0,1,0,3,6248.0
332,3,1.0,"(0.1, 0.4)",168,24,2,1,0,0,2382.0,1,0,3,5104.0
333,3,1.0,"(0.1, 0.4)",168,24,3,1,0,0,5777.0,1,0,3,3521.0
334,3,1.0,"(0.1, 0.4)",168,24,4,1,0,0,5320.0,1,0,3,5457.0
335,3,1.0,"(0.1, 0.4)",720,24,0,1,0,5,10549.0,1,0,1,2538.0
336,3,1.0,"(0.1, 0.4)",720,24,1,1,0,2,11215.0,1,0,1,7712.0
337,3,1.0,"(0.1, 0.4)",720,24,2,1,0,3,2886.0,1,0,1,3040.0
338,3,1.0,"(0.1, 0.4)",720,24,3,1,0,5,10481.0,1,0,1,2489.0
339,3,1.0,"(0.1, 0.4)",720,24,4,1,0,17,6136.0,1,0,33,3537.0
340,3,1.0,"(0.1, 0.4)",720,168,0,1,0,0,11029.0,1,0,0,2826.0
341,3,1.0,"(0.1, 0.4)",720,168,1,1,0,0,11503.0,1,0,0,7928.0
342,3,1.0,"(0.1, 0.4)",720,168,2,1,0,0,3126.0,1,0,0,3304.0
343,3,1.0,"(0.1, 0.4)",720,168,3,1,0,0,10961.0,1,0,0,2729.0
344,3,1.0,"(0.1, 0.4)",720,168,4,1,0,1,6304.0,1,0,4,3705.0
345,3,1.0,"(0.1, 0.4)",2160,24,0,1,0,0,5101.0,1,0,0,7050.0
346,3,1.0,"(0.1, 0.4)",2160,24,1,1,0,0,4927.0,1,0,0,6536.0
347,3,1.0,"(0.1, 0.4)",2160,24,2,1,0,9,6.0,1,0,0,1024.0
348,3,1.0,"(0.1, 0.4)",2160,24,3,1,0,0,5057.0,1,0,0,6953.0
349,3,1.0,"(0.1, 0.4)",2160,24,4,1,0,15,2800.0,1,0,57,6033.0
350,3,1.0,"(0.1, 0.4)",2160,168,0,1,0,0,5317.0,1,0,0,7194.0
351,3,1.0,"(0.1, 0.4)",2160,168,1,1,0,0,5119.0,1,0,0,6752.0
352,3,1.0,"(0.1, 0.4)",2160,168,2,1,0,1,102.0,1,0,0,1288.0
353,3,1.0,"(0.1, 0.4)",2160,168,3,1,0,0,5249.0,1,0,0,7097.0
354,3,1.0,"(0.1, 0.4)",2160,168,4,1,0,1,2944.0,1,0,8,6225.0
355,3,1.0,"(0.1, 0.4)",2160,720,0,1,0,0,5965.0,1,0,0,8274.0
356,3,1.0,"(0.1, 0.4)",2160,720,1,1,0,0,6151.0,1,0,0,7520.0
357,3,1.0,"(0.1, 0.4)",2160,720,2,1,0,0,462.0,1,0,0,2272.0
358,3,1.0,"(0.1, 0.4)",2160,720,3,1,0,0,5897.0,1,0,0,8177.0
359,3,1.0,"(0.1, 0.4)",2160,720,4,1,0,0,3904.0,1,0,2,7257.0
